time_s,target_yaw_rate_rad_s,actual_yaw_rate_rad_s
0.0001,-0.49945,0.00674
0.0118,-0.49940,-0.00038
0.0849,-0.49910,-0.00634
0.1200,-0.49896,0.02432
0.1371,-0.49889,-0.03736
0.1770,-0.49770,-0.36330
0.1960,-0.49714,-0.46702
0.2120,-0.49666,-0.49920
0.2270,-0.49622,-0.48643
0.2439,-0.49559,-0.54573
0.2990,-0.49294,-0.29119
0.3290,-0.49120,-0.43773
0.3590,-0.48946,-0.30702
0.3890,-0.48773,-0.36242
0.4200,-0.48499,-0.44987
0.4489,-0.48244,-0.44064
0.4789,-0.47980,-0.42709
0.5089,-0.47715,-0.31421
0.5420,-0.47423,-0.15196
0.5680,-0.47194,-0.34537
0.5980,-0.46859,-0.46559
0.6280,-0.46525,-0.36695
0.6579,-0.46190,-0.40148
0.6879,-0.45783,-0.31937
0.7208,-0.45335,-0.16761
0.7489,-0.44953,-0.19470
0.7800,-0.44531,-0.38362
0.8089,-0.44138,-0.38492
0.8389,-0.43730,-0.26551
0.8699,-0.43201,-0.30828
0.9010,-0.42672,-0.41713
0.9299,-0.42180,-0.44811
0.9590,-0.41683,-0.39972
1.0190,-0.40661,0.11313
1.0790,-0.39557,-0.36334
1.1089,-0.38966,-0.32369
1.1681,-0.37800,-0.17631
1.2291,-0.36499,-0.36555
1.2869,-0.35267,-0.01957
1.3209,-0.34520,-0.07329
1.3490,-0.33902,-0.21102
1.3790,-0.33158,-0.31470
1.4111,-0.32360,-0.32330
1.4389,-0.31669,-0.23337
1.4689,-0.30925,-0.22351
1.4989,-0.30181,-0.20898
1.5289,-0.29437,-0.16470
1.5580,-0.28712,0.01373
1.5899,-0.27907,-0.04533
1.6191,-0.27169,-0.21042
1.6509,-0.26273,-0.15028
1.6790,-0.25483,-0.15589
1.7109,-0.24587,-0.21130
1.7408,-0.23744,-0.13315
1.7689,-0.22954,-0.11186
1.7989,-0.22111,-0.11842
1.8310,-0.21208,-0.11372
1.8581,-0.20448,-0.07733
1.8899,-0.19552,-0.20663
1.9191,-0.18731,-0.01147
1.9480,-0.17919,-0.02069
1.9790,-0.17046,-0.06771
2.0080,-0.16233,-0.12649
2.0419,-0.15277,-0.25947
2.0690,-0.14277,-0.26849
2.1011,-0.13354,-0.24411
2.1600,-0.11663,-0.08273
2.2210,-0.09763,-0.02052
2.2491,-0.08888,-0.06799
2.2791,-0.07954,-0.17902
2.3099,-0.06996,0.05215
2.3390,-0.06087,0.13356
2.3990,-0.04221,-0.08252
2.4290,-0.03287,-0.05126
2.4589,-0.02354,0.05987
2.4870,-0.01453,0.07015
2.5210,-0.00364,0.04843
2.5489,0.00529,-0.14045
2.5799,0.01524,0.25075
2.6731,0.04421,-0.11884
2.7009,0.05286,-0.09112
2.7279,0.06127,0.09141
2.7590,0.07094,0.22454
2.7890,0.08027,0.06103
2.8200,0.08994,0.08320
2.8510,0.09929,0.17629
2.8781,0.10744,0.13928
2.9099,0.11703,-0.01269
2.9399,0.12654,-0.01280
2.9680,0.13546,0.27840
2.9991,0.14531,0.30139
3.0309,0.15414,0.18956
3.0890,0.17084,0.09875
3.1190,0.17973,0.11601
3.1479,0.18831,0.29858
3.1789,0.19752,0.28303
3.2081,0.20618,0.14794
3.2389,0.21531,0.17173
3.2710,0.22377,0.12191
3.3010,0.23167,0.12191
3.3291,0.23908,0.12692
3.3890,0.25487,0.15584
3.4190,0.26277,0.20012
3.4511,0.27123,0.17254
3.4811,0.27913,0.32826
3.5100,0.28675,0.20882
3.5400,0.29464,0.21356
3.5681,0.30205,0.23742
3.5999,0.31044,0.27381
3.6291,0.31751,0.14113
3.6591,0.32478,0.10050
3.6909,0.33250,0.33128
3.7220,0.34003,0.44785
3.7490,0.34658,0.42490
3.7801,0.35336,0.41304
3.8090,0.35967,0.24440
3.8389,0.36596,0.21651
3.8689,0.37225,0.25802
3.8989,0.37855,0.28219
3.9289,0.38410,0.33384
3.9599,0.38986,0.40325
3.9880,0.39506,0.17268
4.0209,0.40116,0.41932
4.0501,0.40657,0.50697
4.0801,0.41213,0.45297
4.1090,0.41748,0.31433
4.1390,0.42304,0.24416
4.1711,0.42786,0.24107
4.2000,0.43221,0.21559
4.2289,0.43655,0.41093
4.2621,0.44154,0.30532
4.2888,0.44556,0.08598
4.3210,0.45038,0.15970
4.3499,0.45472,0.27938
4.3820,0.45869,0.52430
4.4109,0.46225,0.50546
4.4409,0.46595,0.32588
4.4708,0.46901,0.20359
4.4990,0.47188,0.25402
4.5279,0.47483,0.28517
4.5581,0.47792,0.38893
4.5889,0.48033,0.35718
4.6221,0.48292,0.40455
4.6510,0.48519,0.25591
4.6810,0.48753,0.14128
4.7099,0.48939,0.19689
4.7390,0.49126,0.27910
4.7690,0.49318,0.30672
4.8009,0.49443,0.34437
4.8300,0.49557,0.31805
4.8600,0.49674,0.43307
4.8900,0.49792,0.49276
4.9200,0.49852,0.14401
4.9499,0.49912,0.11299
4.9791,0.49971,0.25402
5.0380,0.49982,0.62076
5.0690,0.49988,0.58104
5.1001,0.49936,0.46960
5.1301,0.49885,0.47992
5.1600,0.49834,0.48090
5.1911,0.49731,0.48792
5.2211,0.49632,0.48364
5.2510,0.49532,0.43665
5.2799,0.49377,0.47560
5.3099,0.49215,0.64648
5.3410,0.49048,0.74252
5.3680,0.48867,0.54048
5.3980,0.48666,0.41321
5.4290,0.48458,0.33209
5.4601,0.48193,0.32605
5.4890,0.47946,0.51753
5.5190,0.47690,0.28475
5.5489,0.47365,0.14131
5.5789,0.47041,0.15454
5.6389,0.46392,0.43964
5.6710,0.46044,0.39921
5.7010,0.45648,0.42346
5.7291,0.45276,0.33360
5.7590,0.44838,0.52757
5.7901,0.44384,0.51016
5.8190,0.43961,0.36721
5.8511,0.43491,0.32686
5.8789,0.43084,0.26889
5.9381,0.42104,0.40156
5.9689,0.41528,0.34949
5.9999,0.40947,0.53122
6.0291,0.40401,0.44111
6.0880,0.39298,0.34686
6.1190,0.38717,0.34981
6.1509,0.38121,0.36977
6.2090,0.36942,0.06850
6.2389,0.36288,0.07661
6.2700,0.35612,0.37069
6.3010,0.34935,0.50764
6.3289,0.34328,0.32300
6.3591,0.33616,0.06587
6.4191,0.32204,0.21517
6.4509,0.31454,0.33500
6.4801,0.30767,0.22570
6.5101,0.30004,0.18331
6.5510,0.28963,0.09005
6.5810,0.28201,0.35244
6.6281,0.27003,0.54729
6.6589,0.26221,0.37914
6.6921,0.25377,0.14506
6.7180,0.24641,0.07397
6.7451,0.23875,0.04857
6.7729,0.23060,0.19405
6.8010,0.22237,0.20415
6.8229,0.21630,0.17314
6.8510,0.20854,0.14959
6.9030,0.19265,0.06794
6.9319,0.18380,0.24202
6.9610,0.17586,0.36325
6.9910,0.16770,0.33044
7.0191,0.15902,0.15882
7.0480,0.15009,0.03738
7.1091,0.13124,0.17159
7.1390,0.12198,0.07457
7.1690,0.11325,0.09633
7.1971,0.10507,0.20952
7.2300,0.09548,0.05833
7.2611,0.08561,0.04882
7.2911,0.07608,0.07405
7.3200,0.06701,-0.00852
7.3499,0.05761,-0.05417
7.3791,0.04846,0.02264
7.4091,0.03906,0.20275
7.4399,0.02940,0.00106
7.4701,0.01991,-0.12442
7.4979,0.01118,0.06211
7.5290,0.00144,0.20486
7.5619,-0.00888,0.25914
7.5889,-0.01736,0.13987
7.6189,-0.02708,0.06222
7.6489,-0.03680,0.08864
7.6799,-0.04687,0.08682
7.7091,-0.05552,-0.00455
7.7391,-0.06442,-0.04459
7.7709,-0.07444,0.12857
7.8009,-0.08387,0.10180
7.8301,-0.09305,-0.01389
7.8590,-0.10178,-0.07445
7.8890,-0.11083,0.05236
7.9190,-0.11989,0.00797
7.9789,-0.13799,-0.12701
8.0089,-0.14704,-0.01540
8.0391,-0.15617,-0.04599
8.0699,-0.16514,-0.23102
8.0999,-0.17387,-0.11494
8.1291,-0.18236,0.06454
8.1590,-0.19109,0.01850
8.2490,-0.21728,-0.20084
8.2789,-0.22601,0.01387
8.3089,-0.23474,0.16714
8.3389,-0.24270,-0.10680
8.3689,-0.25067,-0.23344
8.3991,-0.25871,-0.09628
8.4280,-0.26639,-0.01519
8.4901,-0.28210,-0.34070
8.5190,-0.28942,-0.39688
8.5490,-0.29701,-0.34141
8.5790,-0.30459,-0.15617
8.6400,-0.32004,-0.07108
8.6729,-0.32761,-0.22032
8.7010,-0.33408,-0.18838
8.7291,-0.34055,-0.20305
8.7591,-0.34745,-0.22414
8.7909,-0.35478,-0.29958
8.8191,-0.36207,-0.26695
8.8501,-0.36816,-0.04171
8.8801,-0.37404,0.07941
8.9101,-0.38003,-0.08887
8.9390,-0.38580,-0.20309
8.9689,-0.39179,-0.22846
9.0281,-0.40360,-0.16094
9.0581,-0.40958,-0.41836
9.0891,-0.41485,-0.46397
9.1191,-0.41994,-0.42292
9.1790,-0.43011,-0.12684
9.2090,-0.43422,-0.18502
9.2390,-0.43832,-0.26116
9.2989,-0.44653,-0.32004
9.3300,-0.45079,-0.31793
9.3610,-0.45504,-0.33706
9.3910,-0.45915,-0.30558
9.4191,-0.46300,-0.16905
9.4480,-0.46695,0.02099
9.4791,-0.46983,-0.07031
9.5101,-0.47270,-0.23526
9.5390,-0.47537,-0.29502
9.5690,-0.47815,-0.21046
9.5990,-0.48092,-0.20940
9.6290,-0.48369,-0.46285
9.6589,-0.48646,-0.49267
9.6889,-0.48835,-0.51211
9.7189,-0.49024,-0.42801
9.7491,-0.49215,-0.19979
9.7799,-0.49339,-0.08929
9.8391,-0.49576,-0.39727
9.8690,-0.49697,-0.37186
9.9001,-0.49822,-0.30811
9.9290,-0.49873,-0.16147
9.9600,-0.49928,-0.37193
9.9889,-0.49980,-0.44836
10.0189,-0.49980,-0.19677
10.0489,-0.49980,-0.14154
10.0781,-0.49980,-0.22610
10.1091,-0.49922,-0.27400
10.1691,-0.49811,-0.01975
10.2001,-0.49691,-0.07866
10.2290,-0.49580,-0.21147
10.2590,-0.49464,-0.41843
10.2890,-0.49348,-0.55682
10.3200,-0.49168,-0.48229
10.3500,-0.48993,-0.43801
10.3789,-0.48825,-0.42604
10.4100,-0.48579,-0.29035
10.4381,-0.48356,-0.20154
10.4691,-0.48110,-0.04238
10.5010,-0.47805,-0.36123
10.5291,-0.47536,-0.44723
10.5630,-0.47210,-0.35085
10.6201,-0.46619,-0.09312
10.6490,-0.46293,-0.28021
10.6811,-0.45931,-0.54359
10.7100,-0.45531,-0.38453
10.7389,-0.45131,-0.12189
10.7691,-0.44713,-0.17723
10.7991,-0.44299,-0.31891
10.8291,-0.43885,-0.31418
10.8591,-0.43390,-0.29516
10.8901,-0.42878,-0.17414
10.9190,-0.42401,-0.12217
10.9490,-0.41872,-0.23270
10.9790,-0.41344,-0.30383
11.0100,-0.40796,-0.22993
11.0400,-0.40268,-0.21049
11.0700,-0.39739,-0.29576
11.0999,-0.39211,-0.08915
11.1291,-0.38564,-0.06291
11.1591,-0.37900,-0.21361
11.1899,-0.37218,-0.24772
11.2190,-0.36571,-0.20168
11.2490,-0.35907,-0.24832
11.2790,-0.35242,-0.37334
11.3100,-0.34554,-0.33446
11.3390,-0.33913,-0.33302
11.3689,-0.33249,-0.29186
11.4289,-0.31920,-0.06663
11.4591,-0.31249,-0.17972
11.4899,-0.30482,-0.18677
11.5191,-0.29755,-0.11666
11.5491,-0.29007,-0.14624
11.5790,-0.28260,-0.20540
11.6090,-0.27438,-0.23312
11.6411,-0.26558,-0.19112
11.7030,-0.24863,-0.01048
11.7300,-0.24134,0.03794
11.7581,-0.23375,-0.13038
11.7899,-0.22432,-0.25656
11.8191,-0.21568,-0.05792
11.8491,-0.20679,-0.00905
11.8791,-0.19791,-0.27477
11.9090,-0.18903,-0.31028
11.9401,-0.17984,-0.29495
11.9690,-0.17127,-0.16052
11.9990,-0.16239,0.09724
12.0311,-0.15288,0.21861
12.0600,-0.14431,-0.11329
12.1189,-0.12687,-0.05210
12.1491,-0.11791,-0.03880
12.1791,-0.10903,-0.07410
12.2091,-0.10015,-0.14189
12.2391,-0.09127,-0.06575
12.2690,-0.08238,0.18608
12.2990,-0.07350,0.11538
12.3301,-0.06380,0.07454
12.3590,-0.05477,-0.03084
12.3911,-0.04506,-0.01126
12.4211,-0.03599,0.02692
12.4489,-0.02724,0.05152
12.4781,-0.01807,-0.05757
12.5080,-0.00865,-0.11480
12.5420,0.00204,-0.10273
12.5691,0.01053,-0.01652
12.5990,0.01996,0.11531
12.6290,0.02938,0.16124
12.6601,0.03914,0.15875
12.6890,0.04823,-0.09417
12.7189,0.05765,-0.06852
12.7511,0.06775,0.23742
12.7789,0.07650,0.42599
12.8099,0.08626,0.30679
12.8391,0.09543,0.15889
12.8691,0.10485,0.13029
12.9290,0.12370,0.21837
12.9580,0.13278,0.15791
12.9890,0.14184,0.04152
13.0190,0.15059,0.10478
13.0479,0.15902,-0.03589
13.0789,0.16808,0.24247
13.1089,0.17685,0.38441
13.1691,0.19447,0.06033
13.2010,0.20319,-0.00301
13.2291,0.21087,0.02324
13.2890,0.22728,0.30956
13.3201,0.23578,0.07969
13.3490,0.24368,0.01608
13.3790,0.25189,0.23482
13.4100,0.26038,0.31209
13.4400,0.26858,0.25693
13.4700,0.27679,0.25345
13.4991,0.28477,0.21552
13.5291,0.29297,0.28910
13.5591,0.30118,0.33353
13.5901,0.30842,0.17142
13.6201,0.31542,0.14535
13.6490,0.32216,0.23528
13.6811,0.32966,0.26117
13.7151,0.33759,0.33005
13.7390,0.34315,0.29384
13.7711,0.35064,0.34619
13.7989,0.35714,0.22489
13.8291,0.36419,0.25549
13.8591,0.37018,0.38742
13.8891,0.37616,0.39037
13.9191,0.38214,0.13068
13.9491,0.38813,0.10219
13.9809,0.39447,0.25847
14.0079,0.39986,0.42900
14.0411,0.40648,0.50108
14.0679,0.41105,0.47216
14.0989,0.41636,0.38644
14.1289,0.42148,0.37521
14.1589,0.42661,0.38623
14.1891,0.43178,0.35735
14.2191,0.43613,0.31858
14.2491,0.44048,0.20745
14.3090,0.44918,0.64091
14.3390,0.45353,0.63396
14.4011,0.46028,0.29339
14.4300,0.46343,0.26096
14.4589,0.46657,0.29532
14.4900,0.46995,0.44557
14.5499,0.47646,0.09415
14.5791,0.47964,0.07380
14.6091,0.48211,0.19468
14.6409,0.48474,0.48304
14.6730,0.48739,0.55055
14.7011,0.48889,0.41528
14.7301,0.49042,0.23387
14.7590,0.49196,0.21658
14.7889,0.49356,0.24247
14.8189,0.49515,0.36160
14.8492,0.49676,0.32840
14.8791,0.49745,0.35311
14.9091,0.49815,0.55332
14.9749,0.49967,0.33061
15.0001,0.49967,0.39504
15.0301,0.49967,0.26345
15.0590,0.49967,0.01436
15.0890,0.49967,0.08682
15.1500,0.49840,0.34974
15.1800,0.49778,0.55031
15.2099,0.49669,0.53367
15.2391,0.49564,0.43385
15.2691,0.49455,0.39181
15.2991,0.49278,0.46220
15.3301,0.49096,0.42079
15.3901,0.48743,0.23409
15.4190,0.48501,0.32009
15.4490,0.48251,0.51841
15.4781,0.48007,0.50655
15.5089,0.47750,0.37718
15.5391,0.47497,0.32472
15.5710,0.47154,0.37230
15.5980,0.46863,0.32665
15.6291,0.46529,0.17949
15.6591,0.46161,-0.02943
15.6880,0.45807,0.05857
15.7190,0.45427,0.43479
15.7490,0.44990,0.61059
15.7790,0.44552,0.42525
15.8089,0.44115,0.29693
15.8689,0.43241,0.39434
15.8991,0.42716,0.41185
15.9299,0.42182,0.26033
15.9599,0.41661,0.15285
15.9901,0.41136,0.37490
16.0190,0.40635,0.33265
16.0471,0.40147,0.33890
16.0779,0.39613,0.27079
16.1090,0.38983,0.25728
16.1389,0.38375,0.36090
16.1700,0.37745,0.50722
16.2000,0.37138,0.13591
16.2299,0.36530,0.10531
16.2610,0.35900,0.45669
16.2899,0.35212,0.47890
16.3491,0.33805,0.29756
16.3780,0.33118,0.17366
16.4111,0.32328,0.18436
16.4390,0.31640,0.34072
16.4989,0.30157,0.25672
16.5289,0.29415,0.27542
16.5581,0.28694,0.16436
16.5891,0.27926,0.15047
16.6191,0.27184,0.35055
16.6809,0.25437,-0.06203
16.7109,0.24701,-0.03761
16.7719,0.23110,0.28560
16.8019,0.22275,0.37314
16.8311,0.21420,0.29581
16.8611,0.20542,0.15005
16.8929,0.19766,0.15910
16.9290,0.18658,0.21065
16.9612,0.17673,0.19405
16.9861,0.16910,0.20124
17.0080,0.16237,0.18275
17.0380,0.15317,0.17036
17.0690,0.14365,0.23142
17.0979,0.13478,0.23149
17.1849,0.10980,0.36914
17.2229,0.10268,0.31872
